{
  "Cathrine": {
    "HTML": 1,
    "Python": 4,
    "Java": 4,
    "C": 5,
    "JavaScript": 1
  },
  "Adam": {
    "HTML": 1,
    "Python": 2,
    "Java": 1,
    "C": 4,
    "JavaScript": 4
  },
  "Rose": {
    "HTML": 1,
    "Python": 2,
    "Java": 5,
    "C": 4,
    "JavaScript": 3
  },
  "Sally": {
    "HTML": 1,
    "Python": 3,
    "Java": 2,
    "C": 4,
    "JavaScript": 4
  },
  "Saranya": {
    "HTML": 4,
    "Python": 5,
    "Java": 4,
    "C": 3,
    "JavaScript": 3
  },
  "Marie": {
    "HTML": 5,
    "Python": 2,
    "Java": 5,
    "C": 2,
    "JavaScript": 3
  },
  "Keithy": {
    "HTML": 2,
    "Python": 3,
    "Java": 3,
    "C": 4,
    "JavaScript": 4
  },
  "Ryany": {
    "HTML": 2,
    "Python": 1,
    "Java": 5,
    "C": 2,
    "JavaScript": 4
  },
  "Josephy": {
    "HTML": 2,
    "Python": 3,
    "Java": 4,
    "C": 1,
    "JavaScript": 5
  },
  "Jantey": {
    "HTML": 1,
    "Python": 1,
    "Java": 1,
    "C": 1,
    "JavaScript": 3
  },
  "Jones": {
    "HTML": 2,
    "Python": 5,
    "Java": 1,
    "C": 3,
    "JavaScript": 2
  },
  "Carolyn": {
    "HTML": 5,
    "Python": 5,
    "Java": 4,
    "C": 2,
    "JavaScript": 2
  },
  "Jiya": {
    "HTML": 3,
    "Python": 3,
    "Java": 3,
    "C": 5,
    "JavaScript": 5
  },
  "Smith": {
    "HTML": 1,
    "Python": 3,
    "Java": 3,
    "C": 1,
    "JavaScript": 5
  },
  "Ria": {
    "HTML": 5,
    "Python": 4,
    "Java": 2,
    "C": 3,
    "JavaScript": 1
  },
  "Bria": {
    "HTML": 5,
    "Python": 5,
    "Java": 4,
    "C": 2,
    "JavaScript": 2
  },
  "Sue": {
    "HTML": 1,
    "Python": 4,
    "Java": 5,
    "C": 3,
    "JavaScript": 4
  },
  "whily": {
    "HTML": 1,
    "Python": 3,
    "Java": 5,
    "C": 1,
    "JavaScript": 3
  },
  "Kylie": {
    "HTML": 4,
    "Python": 1,
    "Java": 3,
    "C": 5,
    "JavaScript": 5
  },
  "Donna": {
    "HTML": 3,
    "Python": 1,
    "Java": 2,
    "C": 1,
    "JavaScript": 5
  },
  "Luke": {
    "HTML": 3,
    "Python": 5,
    "Java": 1,
    "C": 1,
    "JavaScript": 5
  },
  "Grace": {
    "HTML": 1,
    "Python": 3,
    "Java": 5,
    "C": 4,
    "JavaScript": 5
  },
  "Hena": {
    "HTML": 4,
    "Python": 3,
    "Java": 2,
    "C": 3,
    "JavaScript": 3
  },
  "Bernadettea": {
    "HTML": 5,
    "Python": 4,
    "Java": 1,
    "C": 4,
    "JavaScript": 1
  },
  "Colina": {
    "HTML": 2,
    "Python": 1,
    "Java": 2,
    "C": 5,
    "JavaScript": 5
  },
  "Richarie": {
    "HTML": 1,
    "Python": 5,
    "Java": 2,
    "C": 3,
    "JavaScript": 4
  },
  "Joanie": {
    "HTML": 1,
    "Python": 1,
    "Java": 5,
    "C": 3,
    "JavaScript": 1
  },
  "Elizabeth": {
    "HTML": 2,
    "Python": 5,
    "Java": 4,
    "C": 1,
    "JavaScript": 2
  },
  "Amy": {
    "HTML": 4,
    "Python": 3,
    "Java": 3,
    "C": 2,
    "JavaScript": 2
  },
  "Carly": {
    "HTML": 1,
    "Python": 4,
    "Java": 5,
    "C": 4,
    "JavaScript": 3
  },
  "Willi": {
    "HTML": 5,
    "Python": 3,
    "Java": 4,
    "C": 3,
    "JavaScript": 4
  },
  "simran": {
    "HTML": 2,
    "Python": 1,
    "Java": 4,
    "C": 3,
    "JavaScript": 1
  },
  "Catholin": {
    "HTML": 3,
    "Python": 3,
    "Java": 2,
    "C": 4,
    "JavaScript": 4
  },
  "hannah": {
    "HTML": 3,
    "Python": 5,
    "Java": 2,
    "C": 1,
    "JavaScript": 2
  },
  "Anne": {
    "HTML": 4,
    "Python": 1,
    "Java": 2,
    "C": 1,
    "JavaScript": 1
  },
  "Alexandra": {
    "HTML": 4,
    "Python": 3,
    "Java": 4,
    "C": 2,
    "JavaScript": 1
  },
  "Virginia": {
    "HTML": 5,
    "Python": 1,
    "Java": 5,
    "C": 5,
    "JavaScript": 4
  },
  "Carolie": {
    "HTML": 3,
    "Python": 3,
    "Java": 2,
    "C": 4,
    "JavaScript": 3
  },
  "Allie": {
    "HTML": 3,
    "Python": 5,
    "Java": 2,
    "C": 5,
    "JavaScript": 3
  },
  "Jan": {
    "HTML": 3,
    "Python": 4,
    "Java": 1,
    "C": 5,
    "JavaScript": 3
  },
  "Wendy": {
    "HTML": 2,
    "Python": 3,
    "Java": 1,
    "C": 2,
    "JavaScript": 5
  },
  "Pippa": {
    "HTML": 2,
    "Python": 2,
    "Java": 4,
    "C": 1,
    "JavaScript": 5
  },
  "Diana": {
    "HTML": 5,
    "Python": 2,
    "Java": 1,
    "C": 4,
    "JavaScript": 1
  },
  "Emily": {
    "HTML": 3,
    "Python": 2,
    "Java": 3,
    "C": 2,
    "JavaScript": 5
  },
  "Abigail": {
    "HTML": 5,
    "Python": 4,
    "Java": 5,
    "C": 3,
    "JavaScript": 3
  },
  "Justinie": {
    "HTML": 2,
    "Python": 2,
    "Java": 5,
    "C": 4,
    "JavaScript": 4
  },
  "Faith": {
    "HTML": 3,
    "Python": 2,
    "Java": 4,
    "C": 1,
    "JavaScript": 4
  },
  "Andrea": {
    "HTML": 1,
    "Python": 4,
    "Java": 3,
    "C": 5,
    "JavaScript": 3
  },
  "Lauren": {
    "HTML": 4,
    "Python": 1,
    "Java": 3,
    "C": 5,
    "JavaScript": 3
  },
  "Kimberly": {
    "HTML": 4,
    "Python": 2,
    "Java": 1,
    "C": 3,
    "JavaScript": 2
  },
  "Hanksika": {
    "HTML": 5,
    "Python": 5,
    "Java": 4,
    "C": 4,
    "JavaScript": 2
  },
  "Dorothy": {
    "HTML": 1,
    "Python": 5,
    "Java": 4,
    "C": 2,
    "JavaScript": 1
  },
  "Ella": {
    "HTML": 2,
    "Python": 4,
    "Java": 5,
    "C": 3,
    "JavaScript": 3
  },
  "Olivia": {
    "HTML": 2,
    "Python": 2,
    "Java": 1,
    "C": 3,
    "JavaScript": 3
  },
  "Connor": {
    "HTML": 4,
    "Python": 5,
    "Java": 4,
    "C": 4,
    "JavaScript": 5
  },
  "Sophie": {
    "HTML": 5,
    "Python": 5,
    "Java": 4,
    "C": 2,
    "JavaScript": 5
  },
  "Zoe": {
    "HTML": 5,
    "Python": 1,
    "Java": 2,
    "C": 5,
    "JavaScript": 1
  },
  "Deirdre": {
    "HTML": 2,
    "Python": 4,
    "Java": 4,
    "C": 4,
    "JavaScript": 4
  },
  "Lisa": {
    "HTML": 4,
    "Python": 2,
    "Java": 5,
    "C": 1,
    "JavaScript": 5
  },
  "Lucas": {
    "HTML": 5,
    "Python": 2,
    "Java": 1,
    "C": 4,
    "JavaScript": 1
  },
  "Samantha": {
    "HTML": 3,
    "Python": 5,
    "Java": 4,
    "C": 5,
    "JavaScript": 4
  },
  "Adrianie": {
    "HTML": 1,
    "Python": 3,
    "Java": 4,
    "C": 1,
    "JavaScript": 2
  },
  "Shoba": {
    "HTML": 1,
    "Python": 3,
    "Java": 2,
    "C": 4,
    "JavaScript": 1
  },
  "Nathanaile": {
    "HTML": 3,
    "Python": 5,
    "Java": 3,
    "C": 1,
    "JavaScript": 3
  },
  "Molly": {
    "HTML": 4,
    "Python": 5,
    "Java": 4,
    "C": 2,
    "JavaScript": 1
  },
  "Jennifer": {
    "HTML": 2,
    "Python": 3,
    "Java": 2,
    "C": 3,
    "JavaScript": 4
  },
  "Michley": {
    "HTML": 4,
    "Python": 5,
    "Java": 2,
    "C": 4,
    "JavaScript": 5
  },
  "Paulie": {
    "HTML": 3,
    "Python": 2,
    "Java": 2,
    "C": 4,
    "JavaScript": 3
  },
  "Anniee": {
    "HTML": 1,
    "Python": 5,
    "Java": 4,
    "C": 5,
    "JavaScript": 1
  },
  "Stephanie": {
    "HTML": 5,
    "Python": 2,
    "Java": 3,
    "C": 1,
    "JavaScript": 5
  },
  "Irene": {
    "HTML": 2,
    "Python": 2,
    "Java": 4,
    "C": 4,
    "JavaScript": 4
  },
  "Jusimene": {
    "HTML": 3,
    "Python": 1,
    "Java": 4,
    "C": 3,
    "JavaScript": 3
  },
  "Megane": {
    "HTML": 2,
    "Python": 2,
    "Java": 4,
    "C": 3,
    "JavaScript": 4
  },
  "Farnaah": {
    "HTML": 1,
    "Python": 2,
    "Java": 4,
    "C": 5,
    "JavaScript": 1
  },
  "Jenee": {
    "HTML": 3,
    "Python": 5,
    "Java": 5,
    "C": 2,
    "JavaScript": 5
  },
  "Mary": {
    "HTML": 4,
    "Python": 3,
    "Java": 1,
    "C": 3,
    "JavaScript": 2
  },
  "Niraali": {
    "HTML": 1,
    "Python": 4,
    "Java": 5,
    "C": 2,
    "JavaScript": 4
  },
  "Nathalie": {
    "HTML": 3,
    "Python": 3,
    "Java": 1,
    "C": 2,
    "JavaScript": 2
  },
  "Heathy": {
    "HTML": 5,
    "Python": 1,
    "Java": 2,
    "C": 1,
    "JavaScript": 2
  },
  "Jaalu": {
    "HTML": 3,
    "Python": 1,
    "Java": 2,
    "C": 3,
    "JavaScript": 5
  },
  "Mia": {
    "HTML": 3,
    "Python": 3,
    "Java": 5,
    "C": 2,
    "JavaScript": 1
  },
  "Ava": {
    "HTML": 5,
    "Python": 1,
    "Java": 3,
    "C": 5,
    "JavaScript": 1
  },
  "Ronni": {
    "HTML": 5,
    "Python": 2,
    "Java": 2,
    "C": 2,
    "JavaScript": 1
  },
  "Amirtha": {
    "HTML": 2,
    "Python": 3,
    "Java": 3,
    "C": 3,
    "JavaScript": 2
  },
  "Smithi": {
    "HTML": 2,
    "Python": 4,
    "Java": 1,
    "C": 3,
    "JavaScript": 1
  },
  "Phily": {
    "HTML": 2,
    "Python": 1,
    "Java": 5,
    "C": 3,
    "JavaScript": 3
  },
  "Juliaa": {
    "HTML": 4,
    "Python": 4,
    "Java": 2,
    "C": 3,
    "JavaScript": 4
  },
  "Bhuvana": {
    "HTML": 4,
    "Python": 1,
    "Java": 3,
    "C": 4,
    "JavaScript": 1
  },
  "Sonia": {
    "HTML": 5,
    "Python": 2,
    "Java": 1,
    "C": 3,
    "JavaScript": 5
  },
  "Baana": {
    "HTML": 2,
    "Python": 4,
    "Java": 4,
    "C": 1,
    "JavaScript": 4
  },
  "Nicyli": {
    "HTML": 5,
    "Python": 1,
    "Java": 4,
    "C": 4,
    "JavaScript": 4
  },
  "Jasmine": {
    "HTML": 3,
    "Python": 3,
    "Java": 2,
    "C": 1,
    "JavaScript": 3
  },
  "Bella": {
    "HTML": 5,
    "Python": 4,
    "Java": 4,
    "C": 5,
    "JavaScript": 2
  },
  "Una": {
    "HTML": 3,
    "Python": 2,
    "Java": 2,
    "C": 2,
    "JavaScript": 4
  },
  "Saraa": {
    "HTML": 4,
    "Python": 2,
    "Java": 4,
    "C": 3,
    "JavaScript": 2
  },
  "Reshma": {
    "HTML": 1,
    "Python": 3,
    "Java": 1,
    "C": 1,
    "JavaScript": 4
  },
  "Rachel": {
    "HTML": 4,
    "Python": 5,
    "Java": 1,
    "C": 3,
    "JavaScript": 2
  },
  "Angela": {
    "HTML": 4,
    "Python": 2,
    "Java": 5,
    "C": 2,
    "JavaScript": 4
  },
  "Evanie": {
    "HTML": 4,
    "Python": 4,
    "Java": 3,
    "C": 4,
    "JavaScript": 1
  },
  "Juliet": {
    "HTML": 1,
    "Python": 4,
    "Java": 5,
    "C": 1,
    "JavaScript": 4
  },
  "Victoriaa": {
    "HTML": 1,
    "Python": 5,
    "Java": 3,
    "C": 2,
    "JavaScript": 1
  },
  "Maria": {
    "HTML": 2,
    "Python": 3,
    "Java": 2,
    "C": 5,
    "JavaScript": 5
  },
  "Menna": {
    "HTML": 5,
    "Python": 4,
    "Java": 5,
    "C": 5,
    "JavaScript": 2
  },
  "Julia": {
    "HTML": 1,
    "Python": 5,
    "Java": 5,
    "C": 2,
    "JavaScript": 4
  },
  "Joanne": {
    "HTML": 2,
    "Python": 5,
    "Java": 2,
    "C": 2,
    "JavaScript": 5
  },
  "Jessica": {
    "HTML": 4,
    "Python": 3,
    "Java": 1,
    "C": 2,
    "JavaScript": 3
  },
  "Tiba": {
    "HTML": 1,
    "Python": 5,
    "Java": 1,
    "C": 1,
    "JavaScript": 4
  },
  "Rosy": {
    "HTML": 5,
    "Python": 3,
    "Java": 2,
    "C": 2,
    "JavaScript": 5
  },
  "Natalie": {
    "HTML": 2,
    "Python": 4,
    "Java": 5,
    "C": 5,
    "JavaScript": 1
  },
  "Theresa": {
    "HTML": 5,
    "Python": 1,
    "Java": 5,
    "C": 3,
    "JavaScript": 3
  },
  "Jasmin": {
    "HTML": 1,
    "Python": 2,
    "Java": 2,
    "C": 3,
    "JavaScript": 3
  },
  "Lily": {
    "HTML": 3,
    "Python": 2,
    "Java": 4,
    "C": 3,
    "JavaScript": 3
  },
  "Seilpha": {
    "HTML": 2,
    "Python": 4,
    "Java": 2,
    "C": 1,
    "JavaScript": 5
  },
  "Kathrina": {
    "HTML": 5,
    "Python": 3,
    "Java": 5,
    "C": 2,
    "JavaScript": 2
  },
  "Vanessa": {
    "HTML": 1,
    "Python": 3,
    "Java": 4,
    "C": 5,
    "JavaScript": 4
  },
  "Fenni": {
    "HTML": 3,
    "Python": 5,
    "Java": 3,
    "C": 2,
    "JavaScript": 3
  },
  "Erine": {
    "HTML": 1,
    "Python": 2,
    "Java": 1,
    "C": 5,
    "JavaScript": 2
  },
  "Juli": {
    "HTML": 2,
    "Python": 2,
    "Java": 5,
    "C": 1,
    "JavaScript": 5
  },
  "Andria": {
    "HTML": 3,
    "Python": 1,
    "Java": 1,
    "C": 5,
    "JavaScript": 5
  },
  "Jannani": {
    "HTML": 5,
    "Python": 3,
    "Java": 5,
    "C": 5,
    "JavaScript": 5
  },
  "Janey": {
    "HTML": 3,
    "Python": 4,
    "Java": 4,
    "C": 3,
    "JavaScript": 1
  },
  "Jabet": {
    "HTML": 3,
    "Python": 3,
    "Java": 1,
    "C": 5,
    "JavaScript": 1
  },
  "Dahrsha": {
    "HTML": 5,
    "Python": 2,
    "Java": 5,
    "C": 4,
    "JavaScript": 2
  },
  "Sarah": {
    "HTML": 5,
    "Python": 3,
    "Java": 2,
    "C": 3,
    "JavaScript": 2
  },
  "Bhuvani": {
    "HTML": 5,
    "Python": 2,
    "Java": 5,
    "C": 1,
    "JavaScript": 3
  },
  "Maxy": {
    "HTML": 4,
    "Python": 1,
    "Java": 3,
    "C": 2,
    "JavaScript": 3
  },
  "Katherine": {
    "HTML": 5,
    "Python": 4,
    "Java": 5,
    "C": 3,
    "JavaScript": 3
  },
  "Caroline": {
    "HTML": 2,
    "Python": 3,
    "Java": 4,
    "C": 1,
    "JavaScript": 3
  },
  "Turika": {
    "HTML": 5,
    "Python": 5,
    "Java": 3,
    "C": 5,
    "JavaScript": 3
  },
  "Penelope": {
    "HTML": 5,
    "Python": 3,
    "Java": 1,
    "C": 3,
    "JavaScript": 5
  },
  "Tracey": {
    "HTML": 2,
    "Python": 2,
    "Java": 5,
    "C": 5,
    "JavaScript": 1
  },
  "Diane": {
    "HTML": 1,
    "Python": 1,
    "Java": 4,
    "C": 5,
    "JavaScript": 2
  },
  "Divya": {
    "HTML": 1,
    "Python": 1,
    "Java": 5,
    "C": 4,
    "JavaScript": 5
  },
  "Hannah": {
    "HTML": 4,
    "Python": 3,
    "Java": 2,
    "C": 5,
    "JavaScript": 2
  },
  "Matt": {
    "HTML": 2,
    "Python": 1,
    "Java": 3,
    "C": 5,
    "JavaScript": 1
  },
  "Claire": {
    "HTML": 4,
    "Python": 2,
    "Java": 4,
    "C": 5,
    "JavaScript": 1
  },
  "Henna": {
    "HTML": 4,
    "Python": 2,
    "Java": 1,
    "C": 4,
    "JavaScript": 3
  },
  "Audrey": {
    "HTML": 5,
    "Python": 2,
    "Java": 1,
    "C": 5,
    "JavaScript": 5
  },
  "Alisone": {
    "HTML": 1,
    "Python": 3,
    "Java": 5,
    "C": 5,
    "JavaScript": 5
  },
  "Lilliane": {
    "HTML": 5,
    "Python": 5,
    "Java": 4,
    "C": 3,
    "JavaScript": 2
  },
  "Timmy": {
    "HTML": 5,
    "Python": 2,
    "Java": 1,
    "C": 2,
    "JavaScript": 4
  },
  "Rebecca": {
    "HTML": 5,
    "Python": 1,
    "Java": 2,
    "C": 1,
    "JavaScript": 1
  },
  "Melanie": {
    "HTML": 2,
    "Python": 2,
    "Java": 1,
    "C": 2,
    "JavaScript": 2
  },
  "Aliie": {
    "HTML": 3,
    "Python": 1,
    "Java": 4,
    "C": 5,
    "JavaScript": 2
  },
  "Borisee": {
    "HTML": 4,
    "Python": 3,
    "Java": 4,
    "C": 4,
    "JavaScript": 1
  },
  "Chloe": {
    "HTML": 1,
    "Python": 4,
    "Java": 3,
    "C": 2,
    "JavaScript": 5
  },
  "Emma": {
    "HTML": 4,
    "Python": 4,
    "Java": 1,
    "C": 2,
    "JavaScript": 1
  },
  "Kathrin": {
    "HTML": 4,
    "Python": 2,
    "Java": 5,
    "C": 2,
    "JavaScript": 1
  },
  "Nicolie": {
    "HTML": 5,
    "Python": 4,
    "Java": 2,
    "C": 5,
    "JavaScript": 2
  },
  "Yvonne": {
    "HTML": 2,
    "Python": 1,
    "Java": 2,
    "C": 3,
    "JavaScript": 1
  },
  "Amelia": {
    "HTML": 2,
    "Python": 1,
    "Java": 5,
    "C": 3,
    "JavaScript": 1
  },
  "Stewarte": {
    "HTML": 5,
    "Python": 3,
    "Java": 3,
    "C": 4,
    "JavaScript": 3
  },
  "Madeleine": {
    "HTML": 5,
    "Python": 1,
    "Java": 1,
    "C": 3,
    "JavaScript": 1
  },
  "Josh": {
    "HTML": 2,
    "Python": 3,
    "Java": 3,
    "C": 4,
    "JavaScript": 3
  },
  "Wanda": {
    "HTML": 1,
    "Python": 2,
    "Java": 1,
    "C": 3,
    "JavaScript": 4
  },
  "Victoria": {
    "HTML": 1,
    "Python": 1,
    "Java": 2,
    "C": 4,
    "JavaScript": 4
  },
  "Christie": {
    "HTML": 4,
    "Python": 2,
    "Java": 5,
    "C": 1,
    "JavaScript": 3
  },
  "Leonarde": {
    "HTML": 1,
    "Python": 5,
    "Java": 3,
    "C": 1,
    "JavaScript": 2
  },
  "Amanda": {
    "HTML": 5,
    "Python": 3,
    "Java": 1,
    "C": 4,
    "JavaScript": 4
  },
  "Dylane": {
    "HTML": 2,
    "Python": 4,
    "Java": 3,
    "C": 3,
    "JavaScript": 1
  },
  "Beatina": {
    "HTML": 1,
    "Python": 5,
    "Java": 1,
    "C": 3,
    "JavaScript": 4
  },
  "Dia": {
    "HTML": 5,
    "Python": 3,
    "Java": 1,
    "C": 3,
    "JavaScript": 1
  },
  "Leah": {
    "HTML": 3,
    "Python": 1,
    "Java": 1,
    "C": 3,
    "JavaScript": 3
  },
  "Fiona": {
    "HTML": 2,
    "Python": 1,
    "Java": 5,
    "C": 3,
    "JavaScript": 5
  }
}